State,City,2017 Population,2017 Violent Crime,2017 Murder,2017 Rape,2017 Robbery,2017 Aggravated Assault,2017 Property Crime Total,2017 Burglary,"2017 Larceny-
theft",2017 Motor-Vehicle Theft,2017 Arson,2017 Total,2016 Population,2016 Violent Crime,2016 Murder,2016 Rape,2016 Robbery,2016 Aggravated Assault,2016 Property Crime,2016 Burglary,2016 Larceny - Theft,2016 Motor - Vehicle Theft,2016 Arson,2016 Total,2015 Population,2015 Violent Crime,2015 Murder,2015 Rape,2015 Robbery,2015 Aggravated Assault,2015 Property Crime,2015 Burglary,2015 Larceny - Theft,2015 Motor - Vehicle Theft,2015 Arson,2015 Total,,,,,,,,,
Alabama,Birmingham,N/A,"1,845",42,92,472,"1,223","6,458","1,292","4,350",816,0,"8,303",212549,"1,732",44,75,460,"1,153","5,875","1,318","3,807",750,76,"7,607","212,291","3,707",79,159,"1,114","2,355","13,499","3,146","8,838","1,515",145,"17,206",,,,,,,,,
Alabama,Mobile,N/A,925,20,53,235,617,"6,482","1,507","4,344",631,0,"7,407","249,921",793,18,47,181,547,"5,169","1,100","3,724",345,,"5,962","250,346","1,529",24,116,,402,987,"10,794","2,208","7,977",609,"2,516",,,,,,,,,
Alabama,Montgomery,N/A,656,19,35,185,417,"4,246","1,031","2,797",418,0,"4,902","199,565",563,18,42,187,316,"4,229","1,043","2,790",396,,"4,792","199,139","1,042",33,40,,391,578,"8,363","2,342","5,280",741,"1,620",,,,,,,,,
Alaska,Anchorage,N/A,"1,707",13,196,369,"1,129","7,708","1,089","5,180","1,439",31,"9,415","299,097","1,692",9,302,326,"1,055","6,853","1,031","4,901",921,38,"8,545","301,239","3,226",26,517,621,"2,062","11,801","1,685","8,962","1,154",106,"15,027",,,,,,,,,
Arizona,Chandler,N/A,303,1,67,72,163,"2,906",401,"2,298",207,10,"3,209","265,922",272,1,61,69,141,"2,987",453,"2,373",161,8,"3,259","258,875",490,1,79,114,296,"5,393",770,"4,367",256,45,"5,883",,,,,,,,,
Arizona,Glendale,N/A,598,7,36,247,308,"5,654",848,"4,198",608,18,"6,252","242,938",591,16,57,227,291,"6,683",975,"5,136",572,,"7,274","240,374",943,13,94,356,480,"12,955","1,986","9,920","1,049",51,"13,898",,,,,,,,,
Arizona,Mesa,N/A,"1,000",11,127,221,641,"5,472",962,"4,069",441,9,"6,472","478,277","1,069",12,146,210,701,"5,517","1,010","4,090",417,21,"6,586","471,034","1,972",16,241,408,"1,307","11,905","2,219","8,861",825,80,"13,877",,,,,,,,,
Arizona,Scottsdale,N/A,193,2,47,55,89,"2,684",437,"2,115",132,9,"2,877","240,885",197,2,55,59,81,"2,904",356,"2,436",112,8,"3,101","233,872",434,6,106,100,222,"5,332",829,"4,311",192,10,"5,766",,,,,,,,,
Arizona,Surprise,N/A,57,1,5,21,30,"1,300",124,"1,100",76,2,"1,357","130,679",65,3,6,23,33,"1,146",162,908,76,2,"1,211","128,525",168,2,17,44,105,"2,182",410,"1,667",105,23,"2,350",,,,,,,,,
Arizona,Tempe,N/A,463,3,74,120,266,"3,812",502,"3,083",227,12,"4,275","178,654",437,3,73,108,253,"4,050",599,"3,234",217,20,"4,487","175,556",721,7,101,183,430,"7,642","1,108","6,175",359,65,"8,363",,,,,,,,,
Arkansas,Little Rock,N/A,"1,737",28,92,257,"1,360","6,891","1,252","5,038",601,29,"8,628","198,800","1,421",16,82,305,"1,018","6,597","1,102","4,952",543,27,"8,018","198,647","2,950",32,167,670,"2,081","12,855","2,349","9,590",916,90,"15,805",,,,,,,,,
California,Anaheim,N/A,601,6,63,218,314,"4,629",652,"3,190",787,16,"5,230","353,504",620,4,70,183,363,"5,151",759,"3,677",715,17,"5,771","349,471","1,271",18,129,439,685,"10,038","1,476","6,893","1,669",28,"11,309",,,,,,,,,
California,Antioch,N/A,306,4,22,127,153,"1,873",301,"1,037",535,30,"2,179","112,090",396,7,25,165,199,"1,756",367,883,506,27,"2,152","110,537",771,7,53,280,431,"3,912",862,"2,026","1,024",36,"4,683",,,,,,,,,
California,Bakersfield,N/A,929,22,48,365,494,"7,570","1,643","4,621","1,306",127,"8,499","378,788",923,23,31,289,580,"8,264","1,932","4,898","1,434",151,"9,187","373,887","1,810",22,71,655,"1,062","15,559","3,877","9,288","2,394",339,"17,369",,,,,,,,,
California,Berkeley,N/A,322,1,39,180,102,"2,813",382,"2,140",291,6,"3,135","122,651",262,0,27,151,84,"2,637",437,"1,888",312,20,"2,899","120,387",530,1,44,330,155,"5,906","1,090","4,099",717,22,"6,436",,,,,,,,,
California,Burbank,N/A,113,0,7,40,66,"1,483",158,"1,187",138,11,"1,596","105,720",104,0,11,23,70,"1,358",202,"1,038",118,8,"1,462","105,865",159,1,10,50,98,"2,656",297,"2,136",223,13,"2,815",,,,,,,,,
California,Carlsbad,N/A,106,0,16,17,73,"1,014",204,745,65,7,"1,120","115,040",89,0,18,25,46,"1,137",192,863,82,4,"1,226","113,972",172,0,33,38,101,"2,134",366,"1,627",141,8,"2,306",,,,,,,,,
California,Chula Vista,N/A,370,0,29,135,206,"1,884",310,"1,232",342,13,"2,254","270,175",313,0,25,90,198,"2,125",332,"1,391",402,17,"2,438","265,215",705,6,63,239,397,"4,619",710,"3,093",816,27,"5,324",,,,,,,,,
California,Clovis,N/A,144,0,23,36,85,"1,516",245,"1,177",94,3,"1,660","105,865",131,2,18,35,76,"1,506",215,"1,178",113,3,"1,637","103,769",239,1,26,70,142,"3,083",420,"2,454",209,5,"3,322",,,,,,,,,
California,Concord,N/A,221,2,21,85,113,"2,130",203,"1,499",428,14,"2,351","129,903",221,1,14,75,131,"2,116",227,"1,374",515,8,"2,337","128,767",491,4,29,182,276,"4,618",594,"3,068",956,8,"5,109",,,,,,,,,
California,Corona,N/A,108,0,23,43,42,"1,807",308,"1,213",286,9,"1,915","166,534",95,1,24,45,25,"1,866",384,"1,133",349,11,"1,961","163,633",212,5,30,98,79,"3,727",615,"2,646",466,13,"3,939",,,,,,,,,
California,Costa Mesa,N/A,167,2,27,69,69,"2,321",342,"1,681",298,5,"2,488","113,816",203,0,28,72,103,"2,516",415,"1,769",332,19,"2,719","113,477",386,1,53,122,210,"4,723",698,"3,558",467,18,"5,109",,,,,,,,,
California,Daly City,N/A,144,0,30,58,56,829,104,629,96,4,973,"107,640",131,0,11,47,73,783,129,567,87,5,914,"107,320",234,0,26,89,119,"1,778",320,"1,200",258,8,"2,012",,,,,,,,,
California,Downey,N/A,183,1,13,84,85,"1,651",272,962,417,2,"1,834","114,704",189,1,6,93,89,"1,605",237,977,391,5,"1,794","114,754",335,7,23,173,132,"2,892",514,"1,586",792,17,"3,227",,,,,,,,,
California,El Cajon,N/A,189,0,24,62,103,"1,207",231,757,219,6,"1,396","104,483",202,1,29,67,105,"1,273",210,836,227,6,"1,475","103,942",360,2,50,107,201,"2,267",387,"1,517",363,15,"2,627",,,,,,,,,
California,El Monte,N/A,239,4,23,95,117,"1,396",361,677,358,4,"1,635","117,354",226,0,17,92,117,"1,191",338,539,314,17,"1,417","117,376",400,8,21,143,228,"2,132",461,991,680,29,"2,532",,,,,,,,,
California,Elk Grove,N/A,273,0,18,47,208,"1,179",208,862,109,0,"1,452","169,742",278,0,32,45,201,"1,269",210,934,125,1,"1,547","166,183",586,1,33,105,447,"3,120",589,"2,294",237,4,"3,706",,,,,,,,,
California,Escondido,N/A,252,3,21,68,160,"1,269",215,877,177,,"1,521","152,897",257,3,19,73,162,"1,665",221,"1,124",320,7,"1,922","151,732",529,7,48,176,298,"3,393",479,"2,308",606,15,"3,922",,,,,,,,,
California,Fairfield,N/A,283,5,18,99,161,"1,433",230,975,228,11,"1,716","114,521",275,2,29,78,166,"1,389",217,907,265,8,"1,664","112,582",486,8,46,167,265,"3,429",456,"2,406",567,30,"3,915",,,,,,,,,
California,Fontana,N/A,321,4,33,81,203,"1,840",295,"1,089",456,6,"2,161","209,531",447,5,40,113,289,"2,224",341,"1,318",565,7,"2,671","206,982",804,3,46,213,542,"4,269",764,"2,474","1,031",12,"5,073",,,,,,,,,
California,Fremont,N/A,202,0,30,88,84,"2,729",350,"1,870",509,8,"2,931","235,881",204,0,33,97,74,"2,239",454,"1,455",330,6,"2,443","232,427",337,2,49,151,135,"4,371",913,"2,755",703,14,"4,708",,,,,,,,,
California,Fresno,N/A,"1,513",33,90,502,888,"10,256","1,860","6,908","1,488",112,"11,769","524,796","1,613",18,81,552,962,"10,334","1,726","6,762","1,846",126,"11,947","520,837","2,871",39,167,"1,012","1,653","21,606","4,429","14,184","2,993",255,"24,477",,,,,,,,,
California,Fullerton,N/A,133,0,31,41,61,"1,984",154,"1,620",210,20,"2,117","141,968",152,1,23,45,83,"1,689",238,"1,264",187,6,"1,841","140,771",389,0,66,110,213,"3,893",468,"2,958",467,15,"4,282",,,,,,,,,
California,Garden Grove,N/A,304,2,6,112,184,"2,209",427,"1,458",324,11,"2,513","176,230",248,1,13,80,154,"2,187",448,"1,387",352,4,"2,435","176,041",504,4,41,155,304,"4,433",885,"2,899",649,25,"4,937",,,,,,,,,
California,Glendale,N/A,155,1,13,72,69,"1,553",246,"1,150",157,5,"1,708","202,903",114,1,17,45,51,"1,795",313,"1,309",173,4,"1,909","202,298",195,5,17,75,98,"3,513",530,"2,630",353,6,"3,708",,,,,,,,,
California,Hayward,N/A,260,2,34,125,99,"2,523",247,"1,355",921,13,"2,783","161,122",298,3,34,174,87,"2,266",364,"1,227",675,6,"2,564","157,157",556,10,71,298,177,"4,483",729,"2,366","1,388",30,"5,039",,,,,,,,,
California,Huntington Beach,N/A,205,0,22,33,150,"2,133",335,"1,565",233,9,"2,338","204,071",170,0,24,32,114,"2,167",317,"1,644",206,7,"2,337","203,233",420,0,52,117,251,"4,942",723,"3,846",373,23,"5,362",,,,,,,,,
California,Inglewood,N/A,409,4,22,204,179,"1,364",242,685,437,10,"1,773","112,059",400,7,27,205,161,"1,219",236,613,370,14,"1,619","112,450",775,7,44,358,366,"2,612",523,"1,406",683,12,"3,387",,,,,,,,,
California,Irvine,N/A,86,2,23,28,33,"1,802",327,"1,373",102,4,"1,888","266,663",79,2,22,25,30,"1,972",313,"1,577",82,4,"2,051","258,198",144,2,27,57,58,"3,868",523,"3,144",201,8,"4,012",,,,,,,,,
California,Jurupa Valley,N/A,138,3,10,36,89,"1,352",155,858,339,3,"1,490","101,316",149,5,13,34,97,"1,430",225,714,491,2,"1,579","99,706",260,6,5,91,158,"2,860",443,"1,579",838,15,"3,120",,,,,,,,,
California,Lancaster,N/A,527,7,29,143,348,"1,561",438,794,329,17,"2,088","161,963",550,3,40,173,334,"1,761",517,931,313,35,"2,311","162,095","1,005",7,82,326,590,"3,818","1,342","1,982",494,70,"4,823",,,,,,,,,
California,Long Beach,N/A,"1,551",11,93,618,829,"6,280","1,442","3,416","1,422",59,"7,831","476,476","1,405",15,109,540,741,"6,900","1,527","4,009","1,364",47,"8,305","476,318","2,766",36,177,"1,054","1,499","14,337","3,094","8,413","2,830",69,"17,103",,,,,,,,,
California,Los Angeles,N/A,"14,440",138,"1,212","5,165","7,925","50,122","8,252","32,363","9,507",651,"64,562","4,007,905","14,212",135,"1,176","4,943","7,958","48,381","7,779","31,665","8,937",639,"62,593","3,962,726","25,156",282,"2,209","8,952","13,713","93,503","16,160","61,191","16,152","1,131","118,659",,,,,,,,,
California,Modesto,N/A,"1,009",13,54,253,689,"4,279",664,"2,897",718,36,"5,288","212,880","1,034",4,45,240,745,"5,010",763,"3,412",835,31,"6,044","210,794","2,025",25,85,488,"1,427","10,123","1,639","6,749","1,735",66,"12,148",,,,,,,,,
California,Moreno Valley,N/A,372,6,15,166,185,"3,303",580,"2,132",591,8,"3,675","206,224",470,6,4,180,280,"3,052",433,"2,062",557,6,"3,522","205,182",643,6,33,275,329,"6,663","1,190","4,312","1,161",13,"7,306",,,,,,,,,
California,Murrieta,N/A,40,1,11,15,13,837,140,608,89,4,877,"111,043",28,0,5,4,19,812,131,575,106,5,840,"109,495",69,0,6,30,33,"1,700",287,"1,173",240,12,"1,769",,,,,,,,,
California,Norwalk,N/A,202,2,9,65,126,990,221,532,237,5,"1,192","107,453",203,3,17,66,117,942,186,541,215,9,"1,145","107,470",400,9,33,131,227,"1,910",395,"1,087",428,6,"2,310",,,,,,,,,
California,Oakland,N/A,"2,782",33,185,"1,365","1,199","13,023","1,431","8,584","3,008",70,"15,805","424,998","2,952",28,128,"1,509","1,287","11,450","1,440","6,431","3,579",91,"14,402","419,481","6,051",85,285,"3,290","2,391","24,568","3,333","14,846","6,389",179,"30,619",,,,,,,,,
California,Oceanside,N/A,335,4,36,82,213,"2,100",317,"1,568",215,16,"2,435","177,340",307,1,27,76,203,"2,152",249,"1,659",244,7,"2,459","176,319",702,9,68,216,409,"4,597",589,"3,541",467,15,"5,299",,,,,,,,,
California,Ontario,N/A,309,3,59,96,151,"2,218",344,"1,431",443,10,"2,527","172,606",298,6,15,102,175,"2,331",462,"1,383",486,15,"2,629","170,274",547,3,31,217,296,"5,169",897,"3,206","1,066",32,"5,716",,,,,,,,,
California,Orange,N/A,123,1,6,37,79,"1,292",216,873,203,9,"1,415","141,841",104,0,13,27,64,"1,280",227,871,182,6,"1,384","140,572",172,7,11,62,92,"2,897",525,"2,016",356,8,"3,069",,,,,,,,,
California,Oxnard,N/A,465,10,35,223,197,"2,695",412,"1,897",386,24,"3,160","209,048",461,8,40,196,217,"3,293",510,"2,308",475,17,"3,754","207,221",920,12,21,385,502,"6,696","1,103","4,758",835,24,"7,616",,,,,,,,,
California,Palmdale,N/A,342,2,22,126,192,"1,278",270,801,207,12,"1,620","159,441",351,5,27,93,226,"1,264",289,779,196,17,"1,615","159,613",830,7,44,251,528,"2,988",803,"1,730",455,22,"3,818",,,,,,,,,
California,Pasadena,N/A,284,4,19,120,141,"1,555",390,960,205,14,"1,839","143,288",241,1,21,78,141,"1,722",413,"1,145",164,38,"1,963","141,815",428,4,57,131,236,"3,693",830,"2,540",323,45,"4,121",,,,,,,,,
California,Pomona,N/A,422,10,48,180,184,"2,222",349,"1,299",574,13,"2,644","154,109",334,3,34,133,164,"2,316",414,"1,333",569,12,"2,650","154,410",792,10,72,291,419,"4,507",692,"2,559","1,256",39,"5,299",,,,,,,,,
California,Rancho Cucamonga,N/A,148,0,24,50,74,"2,004",446,"1,378",180,1,"2,152","177,089",120,0,18,39,63,"2,069",455,"1,379",235,3,"2,189","176,376",264,3,36,97,128,"3,936",930,"2,569",437,6,"4,200",,,,,,,,,
California,Rialto,N/A,188,2,9,75,102,842,229,314,299,2,"1,030","103,893",254,2,9,84,159,946,301,290,355,1,"1,200","103,590",423,3,34,153,233,"2,218",684,813,721,11,"2,641",,,,,,,,,
California,Richmond,N/A,516,7,25,218,266,"2,134",402,"1,105",627,23,"2,650","110,868",477,10,40,170,257,"1,819",353,829,637,18,"2,296",N/A,,,,,,,,,,,0,,,,,,,,,
California,Riverside,N/A,792,6,78,253,455,"5,269",926,"3,431",912,38,"6,061","325,896",833,4,70,289,470,"5,443",934,"3,589",920,27,"6,276","323,064","1,441",10,137,520,774,"10,531","1,633","7,144","1,754",71,"11,972",,,,,,,,,
California,Roseville,N/A,109,0,11,40,58,"1,706",180,"1,369",157,8,"1,815","132,566",97,0,11,50,36,"1,625",205,"1,257",163,6,"1,722","131,039",239,0,23,84,132,"3,295",521,"2,469",305,10,"3,534",,,,,,,,,
California,Sacremento,N/A,"1,678",21,53,541,"1,063","7,312","1,495","4,519","1,298",98,"8,990","495,471","1,733",13,42,536,"1,142","7,875","1,621","4,740","1,514",87,"9,608","489,717","3,611",43,105,"1,174","2,289","16,501","3,713","9,865","2,923",140,"20,112",,,,,,,,,
California,Salinas,N/A,508,18,39,172,279,"2,347",439,"1,187",721,9,"2,855","158,729",431,15,42,120,254,"2,738",340,"1,521",877,4,"3,169","158,185","1,098",40,76,369,613,"4,145",679,"1,534","1,932",19,"5,243",,,,,,,,,
California,San Bernardino,N/A,"1,437",21,80,398,938,"3,972","1,044","1,816","1,112",31,"5,409","217,303","1,412",32,51,448,881,"4,500","1,188","2,032","1,280",23,"5,912","216,477","2,697",44,98,968,"1,587","10,390","3,164","4,210","3,016",65,"13,087",,,,,,,,,
California,San Diego,N/A,"2,515",17,265,694,"1,539","13,173","2,032","8,552","2,589",81,"15,688","1,413,414","2,645",24,297,723,"1,601","14,865","2,493","9,412","2,960",138,"17,510","1,400,467","5,582",37,566,"1,378","3,601","29,158","5,129","18,933","5,096",174,"34,740",,,,,,,,,
California,San Francisco,N/A,"3,069",34,187,"1,599","1,249","27,654","2,568","22,449","2,637",151,"30,723","871,155","2,987",25,163,"1,497","1,302","22,833","2,435","17,815","2,583",130,"25,820","863,782","6,710",53,344,"3,610","2,703","53,019","5,186","40,918","6,915",272,"59,729",,,,,,,,,
California,San Jose,N/A,"1,916",15,299,604,998,"12,528","1,973","6,463","4,092",84,"14,444","1,041,844","1,919",25,220,583,"1,091","11,463","2,052","6,152","3,259",55,"13,382","1,031,458","3,400",30,375,"1,140","1,855","25,035","4,896","13,138","7,001",93,"28,435",,,,,,,,,
California,San Mateo,N/A,122,0,9,26,87,"1,004",299,614,91,2,"1,126","104,802",109,0,12,22,75,"1,019",389,533,97,0,"1,128","104,306",266,2,11,62,191,"2,045",726,"1,114",205,8,"2,311",,,,,,,,,
California,Santa Ana,N/A,787,10,85,304,388,"3,769",459,"2,176","1,134",30,"4,556","337,419",868,13,77,267,511,"3,428",557,"1,923",948,21,"4,296","337,304","1,626",12,154,523,937,"7,270",909,"4,494","1,867",37,"8,896",,,,,,,,,
California,Santa Clara,N/A,88,0,17,22,49,"1,538",161,"1,181",196,4,"1,626","128,179",88,2,11,32,43,"1,297",175,959,163,6,"1,385","123,562",156,1,20,71,64,"3,579",583,"2,598",398,10,"3,735",,,,,,,,,
California,Santa Clarita,N/A,173,2,19,59,93,"1,637",343,"1,080",214,6,"1,810","219,611",156,2,25,51,78,"1,476",325,963,188,5,"1,632","211,132",351,7,34,124,186,"2,925",656,"1,971",298,21,"3,276",,,,,,,,,
California,Santa Maria,N/A,224,0,25,72,127,"1,218",218,629,371,4,"1,442","106,200",269,6,20,97,146,"1,371",233,815,323,3,"1,640","104,355",463,13,50,133,267,"2,975",595,"1,727",653,7,"3,438",,,,,,,,,
California,Santa Rosa,N/A,375,4,58,60,253,"1,567",253,"1,119",195,8,"1,942","176,383",333,4,48,58,223,"1,714",298,"1,192",224,11,"2,047","175,738",606,4,89,131,382,"4,311",639,"3,223",449,41,"4,917",,,,,,,,,
California,Simi Valley,N/A,81,0,9,16,56,917,161,678,78,2,998,"127,252",88,0,17,22,49,778,170,561,47,2,866,"127,472",174,1,24,45,104,"1,513",255,"1,146",112,6,"1,687",,,,,,,,,
California,Stockton,N/A,"2,120",19,69,578,"1,454","5,765","1,146","3,548","1,071",70,"7,885","308,348","2,156",23,57,578,"1,498","5,912","1,130","3,949",833,42,"8,068","304,890","4,122",49,135,"1,144","2,794","12,998","2,891","8,119","1,988",103,"17,120",,,,,,,,,
California,Sunnyvale,N/A,81,1,14,27,39,"1,252",247,865,140,8,"1,333","154,108",68,0,8,21,39,"1,012",266,629,117,9,"1,080","152,443",158,1,29,61,67,"2,355",545,"1,514",296,9,"2,513",,,,,,,,,
California,Temecula,N/A,56,0,2,18,36,"1,436",204,"1,083",149,0,"1,492","114,381",62,2,3,27,30,"1,238",165,912,161,1,"1,300","111,673",114,1,8,47,58,"2,917",459,"2,116",342,3,"3,031",,,,,,,,,
California,Thousand Oaks,N/A,75,0,24,11,40,837,137,626,74,6,912,"129,853",83,0,16,17,50,761,109,605,47,4,844,"129,976",136,0,26,23,87,"1,577",234,"1,241",102,9,"1,713",,,,,,,,,
California,Torrance,N/A,145,0,17,56,72,"1,544",300,999,245,8,"1,689","149,078",116,0,12,58,46,"1,568",208,"1,173",187,3,"1,684","149,243",214,2,34,85,93,"2,881",540,"2,024",317,4,"3,095",,,,,,,,,
California,Vallejo,N/A,540,9,46,187,298,"2,369","1,256",603,510,20,"2,909","122,293",517,10,48,167,292,"2,419","1,120",691,608,36,"2,936","121,257","1,031",18,102,351,560,"4,986","2,352","1,536","1,098",40,"6,017",,,,,,,,,
California,Ventura,N/A,231,1,31,56,143,"1,822",297,"1,332",193,10,"2,053","110,228",183,4,28,46,105,"1,854",325,"1,382",147,3,"2,037","110,077",374,2,53,124,195,"3,900",598,"3,042",260,11,"4,274",,,,,,,,,
California,Victorville,N/A,412,8,29,126,249,"1,525",401,791,333,26,"1,937","123,438",315,4,21,95,195,"1,831",452,"1,123",256,10,"2,146","123,332",777,6,49,229,493,"4,008","1,095","2,285",628,39,"4,785",,,,,,,,,
California,Visalia,N/A,258,6,49,79,124,"2,134",470,"1,347",317,4,"2,392","131,186",265,2,30,53,180,"1,988",492,"1,156",340,1,"2,253","130,405",608,6,106,130,366,"3,995",814,"2,621",560,11,"4,603",,,,,,,,,
California,Vista,N/A,189,4,22,54,109,746,159,460,127,7,935,"102,307",183,1,17,50,115,831,170,544,117,4,"1,014","99,097",343,2,37,95,209,"1,989",344,"1,328",317,6,"2,332",,,,,,,,,
California,West Covina,N/A,150,0,20,75,55,"1,266",259,811,196,6,"1,416","108,950",146,2,9,64,71,"1,442",270,921,251,5,"1,588","109,030",263,2,13,99,149,"2,982",400,"2,095",487,10,"3,245",,,,,,,,,
Colorado,Aurora,N/A,993,8,116,342,527,"5,274",800,"3,534",940,30,"6,267","366,477",929,7,143,287,492,"5,514",814,"3,951",749,29,"6,443","360,237","1,660",24,352,447,837,"10,579","1,683","7,635","1,261",64,"12,239",,,,,,,,,
Colorado,Centennial,N/A,84,3,12,9,60,908,152,673,83,6,992,"111,479",66,1,22,8,35,605,100,455,50,4,671,"108,846",137,1,46,26,64,"1,304",224,977,103,10,"1,441",,,,,,,,,
Colorado,Colorado Springs,N/A,"1,280",15,270,221,774,"7,085","1,132","4,985",968,58,"8,365","464,113","1,113",8,239,210,656,"7,816","1,194","5,722",900,59,"8,929","452,410","1,983",25,341,376,"1,241","16,504","2,414","12,363","1,727",126,"18,487",,,,,,,,,
Colorado,Denver,N/A,"2,374",26,296,541,"1,511","11,891","2,007","7,565","2,319",60,"14,265","699,259","2,164",19,272,575,"1,298","12,442","2,392","7,740","2,310",44,"14,606","682,418","4,599",53,548,"1,230","2,768","24,089","4,762","14,962","4,365",112,"28,688",,,,,,,,,
Colorado,Fort Collins,N/A,176,1,13,17,145,"2,119",239,"1,772",108,6,"2,295","164,670",141,1,16,15,109,"1,731",191,"1,454",86,7,"1,872","159,629",313,2,27,37,247,"4,015",507,"3,270",238,10,"4,328",,,,,,,,,
Colorado,Greeley,N/A,191,1,27,23,140,"1,258",195,922,141,13,"1,449","102,491",232,1,45,22,164,"1,616",227,"1,231",158,12,"1,848","99,993",455,1,76,58,320,"2,624",423,"2,027",174,24,"3,079",,,,,,,,,
Colorado,Lakewood,N/A,473,3,67,104,299,"3,730",434,"2,750",546,10,"4,203","154,553",441,3,77,82,279,"4,167",503,"3,223",441,12,"4,608","151,311",859,6,140,210,503,"7,583",900,"5,801",882,13,"8,442",,,,,,,,,
Colorado,Pueblo,N/A,538,1,102,94,341,"3,243",607,"2,108",528,24,"3,781","109,927",545,2,82,109,352,"3,484",887,"2,167",430,25,"4,029","108,810",986,12,170,186,618,"7,274","2,060","4,318",896,37,"8,260",,,,,,,,,
Connecticut,Bridgeport,N/A,599,12,27,265,295,"1,657",287,"1,017",353,8,"2,256","148,180",472,2,28,188,254,"1,262",292,700,270,4,"1,734","148,313",996,19,80,441,456,"3,496",817,"2,053",626,8,"4,492",,,,,,,,,
Connecticut,Hartford,N/A,611,13,27,190,381,"2,296",341,"1,638",317,38,"2,907","123,736",613,10,28,202,373,"2,390",363,"1,661",366,55,"3,003","124,553","1,421",32,44,510,835,"5,468",958,"3,613",897,55,"6,889",,,,,,,,,
Connecticut,Stamford,N/A,125,0,5,40,80,935,99,730,106,3,"1,060","130,116",155,0,19,53,83,865,123,665,77,1,"1,020","129,682",285,3,19,92,171,"1,869",200,"1,509",160,4,"2,154",,,,,,,,,
Connecticut,Waterbury,N/A,239,2,23,123,91,"1,864",278,"1,193",393,6,"2,103","108,491",268,4,14,111,139,"2,057",358,"1,398",301,13,"2,325","109,044",467,4,32,257,174,"4,524",522,"3,193",809,14,"4,991",,,,,,,,,
District of Columbia,Washington,N/A,"3,075",55,227,"1,102","1,691","14,370",928,"12,230","1,212",,"17,445","681,170","3,905",62,256,"1,551","2,036","14,563","1,115","12,121","1,327",,"18,468","672,228","8,084",162,494,"3,404","4,024","30,359","2,971","24,194","3,194",,"38,443",,,,,,,,,
Florida,Cape Coral,N/A,118,3,8,12,95,"1,488",290,"1,126",72,1,"1,606","179,631",103,4,7,19,73,"1,508",307,"1,111",90,2,"1,611","173,844",203,0,12,46,145,"3,136",581,"2,415",140,4,"3,339",,,,,,,,,
Florida,Clearwater,N/A,293,2,42,71,178,"1,848",249,"1,476",123,11,"2,141","113,904",336,1,40,69,226,"1,821",260,"1,463",98,6,"2,157","111,316",679,7,82,181,409,"4,356",638,"3,420",298,12,"5,035",,,,,,,,,
Florida,Coral Springs,N/A,125,0,27,35,63,"1,287",112,"1,064",111,2,"1,412","131,159",110,0,11,37,62,"1,205",104,"1,018",83,4,"1,315","129,631",225,2,36,67,120,"2,485",307,"2,066",112,3,"2,710",,,,,,,,,
Florida,Davie,N/A,124,1,13,44,66,"1,347",145,"1,094",108,9,"1,471","102,692",97,2,13,38,44,"1,431",160,"1,125",146,3,"1,528","100,612",237,1,28,65,143,"2,966",395,"2,306",265,11,"3,203",,,,,,,,,
Florida,Fort Lauderdale,N/A,523,4,37,214,268,"5,246",821,"3,978",447,8,"5,769","181,218",584,12,46,225,301,"5,366",941,"3,983",442,9,"5,950","178,598","1,217",10,92,429,686,"9,670","1,931","6,936",803,24,"10,887",,,,,,,,,
Florida,Gainesville,N/A,472,2,81,94,295,"2,225",229,"1,854",142,3,"2,697","131,242",420,3,57,83,277,"2,379",307,"1,930",142,3,"2,799","129,410",930,2,111,231,586,"4,617",543,"3,767",307,7,"5,547",,,,,,,,,
Florida,Hialeah,N/A,232,2,15,77,138,"2,673",283,"2,042",348,16,"2,905","239,451",336,5,18,82,231,"2,812",255,"2,255",302,17,"3,148","238,132",767,7,30,265,465,"5,574",680,"4,174",720,29,"6,341",,,,,,,,,
Florida,Hollywood,N/A,216,3,13,90,110,"2,391",393,"1,754",244,4,"2,607","151,510",316,2,25,110,179,"2,372",358,"1,756",258,2,"2,688","149,822",648,8,46,226,368,"5,209","1,009","3,670",530,5,"5,857",,,,,,,,,
Florida,Jacksonville,N/A,"2,696",52,257,670,"1,717","15,489","2,832","11,251","1,406",52,"18,185","880,557","2,758",52,251,703,"1,752","15,340","2,758","11,160","1,422",45,"18,098","867,258","5,622",97,471,"1,398","3,656","31,854","6,082","23,456","2,316",71,"37,476",,,,,,,,,
Florida,Lakeland,N/A,154,1,35,39,79,"1,917",268,"1,540",109,0,"2,071","105,766",168,1,36,55,76,"2,585",321,"2,088",176,1,"2,753","103,498",395,4,91,131,169,"5,036",901,"3,839",296,6,"5,431",,,,,,,,,
Florida,Miami,N/A,"1,665",26,41,510,"1,088","9,265","1,187","7,044","1,034",33,"10,930","449,469","1,953",27,44,671,"1,211","9,473","1,282","7,305",886,28,"11,426","437,969","4,473",75,80,"1,681","2,637","19,128","3,109","13,721","2,298",91,"23,601",,,,,,,,,
Florida,Miami Gardens,N/A,448,11,8,108,321,"1,727",214,"1,314",199,6,"2,175","114,349",376,11,7,135,223,"1,820",297,"1,316",207,12,"2,196","113,469",707,18,23,219,447,"4,138",799,"2,926",413,22,"4,845",,,,,,,,,
Florida,Miramar,N/A,225,2,14,51,158,"1,103",167,817,119,2,"1,328","140,288",233,2,12,63,156,"1,480",164,"1,183",133,4,"1,713","138,330",452,5,42,125,280,"2,794",388,"2,176",230,8,"3,246",,,,,,,,,
Florida,Orlando,N/A,"1,000",13,85,279,623,"7,906","1,272","5,904",730,13,"8,906","277,719","1,194",65,85,240,804,"7,600","1,421","5,609",570,11,"8,794","268,438","2,525",32,182,522,"1,789","16,148","3,401","11,567","1,180",39,"18,673",,,,,,,,,
Florida,Palm Bay,N/A,279,5,23,29,222,"1,024",221,723,80,5,"1,303","108,823",251,2,30,25,194,783,192,536,55,5,"1,034","106,469",508,4,51,62,391,"2,060",441,"1,483",136,10,"2,568",,,,,,,,,
Florida,Pembroke Pines,N/A,179,0,15,46,118,"1,891",189,"1,529",173,4,"2,070","169,156",187,1,9,51,126,"1,823",152,"1,548",123,1,"2,010","167,266",370,4,23,89,254,"3,618",510,"2,895",213,6,"3,988",,,,,,,,,
Florida,Pompano Beach,N/A,497,8,32,220,237,"2,712",388,"1,888",436,5,"3,209","109,362",458,3,44,160,251,"2,586",413,"1,888",285,2,"3,044","107,656",939,6,73,311,549,"4,731",829,"3,379",523,12,"5,670",,,,,,,,,
Florida,Port St. Lucie,N/A,86,0,8,14,64,"1,089",178,867,44,1,"1,175","182,365",139,2,8,27,102,"1,167",204,925,38,3,"1,306","176,364",260,2,18,29,211,"2,406",392,"1,929",85,4,"2,666",,,,,,,,,
Florida,St. Petersburg,N/A,955,12,62,243,638,"6,277",940,"4,814",523,59,"7,232","259,510",854,11,59,258,526,"5,642",932,"4,272",438,22,"6,496","255,821","1,898",14,136,573,"1,175","14,384","2,319","10,542","1,523",64,"16,282",,,,,,,,,
Florida,Tallahassee,N/A,891,6,103,203,579,"4,637",762,"3,507",368,5,"5,528","191,564",857,4,104,200,549,"5,346","1,036","3,777",533,3,"6,203","189,709","2,019",16,235,399,"1,369","9,658","2,073","6,617",968,8,"11,677",,,,,,,,,
Florida,Tampa,N/A,904,20,53,198,633,"3,123",590,"2,267",266,24,"4,027","375,904",984,12,43,258,671,"4,031",761,"2,917",353,34,"5,015","364,383","2,298",34,77,671,"1,516","8,366","1,833","5,937",596,54,"10,664",,,,,,,,,
Florida,West Palm Beach,N/A,515,15,38,163,299,"2,895",451,"2,160",284,12,"3,410","108,074",479,3,41,151,284,"2,671",439,"1,949",283,12,"3,150","104,919",924,22,50,277,575,"5,093",780,"3,670",643,16,"6,017",,,,,,,,,
Georgia,Athens-Clarke County,N/A,255,2,30,55,168,"1,834",335,"1,396",103,7,"2,089","123,934",,1,,76,170,"2,093",425,"1,558",110,9,"2,093","120,858",504,3,57,116,328,"4,283",934,"3,110",239,30,"4,787",,,,,,,,,
Georgia,Atlanta,N/A,"2,165",37,130,669,"1,329","10,383","1,602","7,291","1,490",42,"12,548","472,579",,56,,"1,092","1,322","11,522","2,171","7,507","1,844",27,"11,522","464,710","5,203",94,170,"1,995","2,944","25,556","4,781","16,493","4,282",50,"30,759",,,,,,,,,
Georgia,Columbus,N/A,606,9,38,207,352,"4,103",999,"2,776",328,19,"4,709","202,338",,9,,248,281,"4,698","1,056","3,210",432,17,"4,698","203,778","1,132",19,68,547,498,"11,295","2,560","7,678","1,057",37,"12,427",,,,,,,,,
Georgia,Sandy Springs,N/A,53,0,8,26,19,"1,086",194,817,75,2,"1,139","107,685",,0,,27,19,"1,295",233,983,79,4,"1,295","103,898",151,3,9,85,54,"2,498",500,"1,859",139,4,"2,649",,,,,,,,,
Georgia,Savannah-Chatham Metropolitan,N/A,544,23,55,182,284,"4,179",626,"3,083",470,10,"4,723","241,296",,30,,254,262,"3,950",789,"2,720",441,6,"3,950","240,178","1,168",54,59,519,536,"9,236","1,872","6,241","1,123",20,"10,404",,,,,,,,,
Hawaii,Honolulu,N/A,"1,207",15,156,443,593,"13,263","1,571","10,043","1,649",170,"14,470","995,572","1,165",9,181,378,597,"15,535","1,843","11,477","2,215",139,"16,700","999,307","2,437",15,318,896,"1,208","31,085","4,284","22,930","3,871",231,"33,522",,,,,,,,,
Illinois,Aurora,N/A,259,4,30,48,177,"1,195",185,923,87,10,"1,454","201,159",314,2,28,56,228,"1,215",207,945,63,13,"1,529","201,034",650,9,60,130,451,"3,089",471,"2,458",160,12,"3,739",,,,,,,,,
Illinois,Chicago,N/A,"14,007",328,808,"5,385","7,486","41,298","6,262","29,423","5,613",262,"55,305","2,725,153","13,810",323,819,"5,164","7,504","39,442","6,198","28,077","5,167",284,"53,252","2,728,695","24,663",478,"1,432","9,649","13,104","80,395","13,151","57,022","10,222",534,"105,058",,,,,,,,,
Illinois,Elgin,N/A,117,0,16,25,76,720,101,581,38,2,837,"112,886",119,0,16,34,69,679,85,563,31,10,798,"111,832",261,3,37,68,153,"1,488",256,"1,161",71,11,"1,749",,,,,,,,,
Illinois,Joliet,N/A,281,5,33,75,168,"1,227",230,933,64,43,"1,508","147,886",247,2,28,58,159,"1,384",282,"1,047",55,24,"1,631","147,991",461,10,44,114,293,"3,555",837,"2,599",119,54,"4,016",,,,,,,,,
Illinois,Naperville,N/A,65,1,14,15,35,732,60,652,20,6,797,"148,070",38,0,4,14,20,725,71,636,18,2,763,"147,101",128,0,14,27,87,"1,652",161,"1,458",33,3,"1,780",,,,,,,,,
Illinois,Peoria,N/A,429,6,31,140,252,"2,171",518,"1,536",117,18,"2,600","115,099",378,6,34,121,217,"1,992",468,"1,449",75,36,"2,370","116,066",772,14,64,310,384,"4,448","1,084","3,224",140,38,"5,220",,,,,,,,,
Illinois,Rockford,N/A,429,6,31,140,252,"2,171",518,"1,536",117,18,"2,600","147,363","1,250",11,72,264,903,"2,717",601,"1,893",223,30,"3,967","148,178","2,349",19,148,504,"1,678","5,856","1,440","3,928",488,63,"8,205",,,,,,,,,
Illinois,Springfield,N/A,643,5,42,116,480,"2,396",550,"1,696",150,20,"3,039","116,563",600,3,53,95,449,"2,378",512,"1,769",97,15,"2,978","116,875","1,251",11,103,257,880,"5,321","1,131","3,997",193,57,"6,572",,,,,,,,,
Indiana,Evansville,N/A,451,4,30,86,331,"2,899",425,"2,268",206,16,"3,350","119,908",359,5,44,98,212,"2,898",468,"2,240",190,,"3,257","120,414",708,4,80,199,425,"6,162",980,"4,814",368,54,"6,870",,,,,,,,,
Indiana,Fort Wayne,N/A,462,12,57,151,242,"4,191",611,"3,343",237,40,"4,653","261,642",450,16,47,161,226,"3,976",768,"3,062",146,28,"4,426","259,712",984,25,97,446,416,"7,943","1,480","6,131",332,49,"8,927",,,,,,,,,
Indiana,South Bend,N/A,468,9,47,163,249,"2,492",629,"1,630",233,24,"2,960","101,621",465,6,43,136,280,"2,201",485,"1,517",199,18,"2,666","101,240",720,17,88,350,265,"5,410","1,430","3,612",368,34,"6,130",,,,,,,,,
Kansas,Olathe,N/A,129,1,44,18,66,931,74,792,65,2,"1,060","135,977",111,1,23,15,72,986,80,821,85,1,"1,097","134,830",177,3,36,23,115,"2,099",190,"1,710",199,,"2,276",,,,,,,,,
Kansas,Overland Park,N/A,199,3,50,32,114,"1,475",160,"1,185",130,2,"1,674","189,104",188,1,69,20,98,"1,376",235,"1,000",141,8,"1,564","187,240",399,5,166,52,176,"3,447",505,"2,422",520,16,"3,846",,,,,,,,,
Kansas,Topeka,N/A,371,15,25,112,219,"3,124",467,"2,280",377,5,"3,495","127,166",304,8,27,100,169,"3,302",512,"2,439",351,1,"3,606","127,096",720,11,93,228,388,"6,601","1,176","4,876",549,12,"7,321",,,,,,,,,
Kentucky,Lexington,N/A,544,9,91,281,163,"5,884","1,113","4,150",621,22,"6,428","317,853",511,12,89,276,134,"6,136","1,085","4,545",506,23,"6,647","314,077","1,044",15,163,511,355,"12,405","2,505","8,901",999,47,"13,449",,,,,,,,,
Kentucky,Louisville Metro,N/A,"2,170",73,73,655,"1,369","13,473","2,793","8,796","1,884",2,"15,643","683,825","2,261",54,89,746,"1,372","14,552","2,829","9,696","2,027",6,"16,813","680,550","4,300",81,205,"1,545","2,469","28,352","6,277","18,850","3,225",,"32,652",,,,,,,,,
Louisiana,Baton Rouge,N/A,"1,205",33,47,448,677,"6,120","1,308","4,317",495,79,"7,325","228,389",979,15,53,348,563,"4,708","1,058","3,381",269,65,"5,687","228,727","2,001",60,102,808,"1,031","10,243","2,377","7,372",494,141,"12,244",,,,,,,,,
Louisiana,Lafayette,N/A,357,9,8,94,246,"3,116",523,"2,431",162,14,"3,473","128,923",333,5,12,83,233,"3,156",533,"2,447",176,11,"3,489","127,273",712,19,19,167,507,"6,752","1,014","5,334",404,29,"7,464",,,,,,,,,
Louisiana,New Orleans,N/A,"2,229",96,263,681,"1,189","8,539","1,178","6,094","1,267",22,"10,768","397,208","2,041",67,299,685,990,"7,586","1,277","5,131","1,178",34,"9,627","393,447","3,736",164,409,"1,497","1,666","15,243","2,898","9,828","2,517",36,"18,979",,,,,,,,,
Maryland,Baltimore,N/A,"6,095",170,176,"2,780","2,969","14,462","3,808","8,033","2,621",149,"20,557","618,385","5,176",137,150,"2,340","2,549","13,822","3,462","7,844","2,516",137,"18,998","621,252","9,542",344,287,"4,313","4,598","30,941","7,757","17,658","5,526",260,"40,483",,,,,,,,,
Maryland,Frederick,N/A,334,2,17,,69,237,"1,396",140,"1,199",49,,"68,562",336,2,20,,61,237,"1,396",140,"1,199",49,568,"69,162",341,3,22,,66,250,"1,406",143,"1,211",52,591,,,,,,,,,
Massachusetts,Cambridge,N/A,148,0,9,38,101,906,136,727,43,1,"1,054","111,030",159,2,12,38,107,"1,177",184,925,68,4,"1,336","110,953",328,3,24,82,219,"2,616",436,"2,059",121,4,"2,944",,,,,,,,,
Massachusetts,Lowell,N/A,136,1,3,64,68,"1,132",221,683,228,5,"1,268","111,027",223,0,8,55,160,986,187,668,131,8,"1,209","110,819",482,0,32,141,309,"2,374",489,"1,685",200,12,"2,856",,,,,,,,,
Massachusetts,Springfield,N/A,621,8,40,167,406,"2,189",582,"1,401",206,25,"2,810","154,102",774,5,43,248,478,"2,463",739,"1,431",293,16,"3,237","154,090","1,654",18,95,510,"1,031","5,168","1,303","3,261",604,32,"6,822",,,,,,,,,
Massachusetts,Worcester,N/A,677,2,17,143,515,"1,873",400,"1,274",199,2,"2,550","184,595",787,3,37,179,568,"2,720",747,"1,710",263,3,"3,507","183,377","1,627",8,26,407,"1,186","5,375","1,214","3,765",396,3,"7,002",,,,,,,,,
Michigan,Ann Arbor,N/A,126,0,26,29,71,873,110,715,48,2,999,"117,688",100,0,27,20,53,935,126,764,45,3,"1,035","118,730",228,0,58,42,128,"2,364",274,"2,018",72,5,"2,592",,,,,,,,,
Michigan,Clinton Township,N/A,176,2,26,20,128,741,143,521,77,5,917,"100,514",145,2,28,17,98,797,142,595,60,4,942,"2,280",1,0,0,0,1,19,3,16,0,0,20,,,,,,,,,
Michigan,Grand Rapids,N/A,661,7,62,158,434,"1,762",334,"1,275",153,28,"2,423","196,538",649,4,76,140,429,"2,032",384,"1,527",121,28,"2,681","195,268","1,420",10,128,423,859,"4,604",974,"3,339",291,45,"6,024",,,,,,,,,
Michigan,Lansing,N/A,601,8,44,106,443,"1,543",388,990,165,17,"2,144","115,199",687,5,63,109,510,"1,448",379,898,171,4,"2,135","114,694","1,327",9,118,265,935,"3,450",959,"2,140",351,19,"4,777",,,,,,,,,
Michigan,Sterling Heights,N/A,125,1,20,7,97,705,76,573,56,3,830,"132,523",118,0,20,10,88,754,89,616,49,3,872,"132,255",233,5,39,24,165,"1,776",200,"1,431",145,10,"2,009",,,,,,,,,
Michigan,Warren,N/A,339,4,47,52,236,"1,389",306,857,226,13,"1,728","135,620",355,3,76,56,220,"1,659",427,"1,018",214,17,"2,014","135,367",743,2,104,139,498,"3,276",737,"2,018",521,24,"4,019",,,,,,,,,
Minnesota,Minneapolis,N/A,"2,237",16,259,870,"1,092","9,169","1,707","6,330","1,132",50,"11,406","416,751","2,114",10,213,799,"1,092","7,607","1,381","5,347",879,38,"9,721","413,479","4,395",47,407,"1,896","2,045","17,341","3,555","12,069","1,717",116,"21,736",,,,,,,,,
Minnesota,Rochester,N/A,80,0,18,11,51,944,149,759,36,1,"1,024","113,306",127,0,35,30,62,"1,190",174,972,44,0,"1,317","112,542",198,1,47,50,100,"2,546",468,"1,987",91,3,"2,744",,,,,,,,,
Minnesota,St. Paul,N/A,"1,020",14,112,352,542,"5,238","1,167","3,141",930,72,"6,258","303,920","1,000",9,100,341,550,"4,360",900,"2,695",765,36,"5,360","300,721","2,115",16,204,714,"1,181","9,870","2,125","5,997","1,748",120,"11,985",,,,,,,,,
Mississippi,Jackson,N/A,,29,,306,278,"3,492",878,"2,269",345,30,"3,492","170,070",,27,,297,311,"3,875",922,"2,515",438,55,"3,875","170,508","1,571",53,139,781,598,"8,621","2,395","5,222","1,004",83,"10,192",,,,,,,,,
Missouri,Columbia,N/A,370,4,60,61,245,"1,617",238,"1,262",117,6,"1,987","121,143",244,2,40,61,141,"1,546",275,"1,183",88,6,"1,790","118,911",600,1,82,141,376,"3,635",839,"2,570",226,9,"4,235",,,,,,,,,
Missouri,Independence,N/A,345,3,17,80,245,"3,124",342,"2,212",570,0,"3,469","117,335",304,2,29,61,212,"2,989",444,"2,172",373,7,"3,293","117,639",500,7,57,132,304,"6,061",848,"4,298",915,16,"6,561",,,,,,,,,
Missouri,Kansas City,N/A,"4,111",66,195,890,"2,960","10,101","2,164","5,963","1,974",107,"14,212","478,364","3,740",51,199,871,"2,619","9,400","2,109","5,595","1,696",89,"13,140","473,373","6,709",109,366,"1,703","4,531","21,024","4,871","12,249","3,904",198,"27,733",,,,,,,,,
Missouri,Springfield,N/A,"1,096",6,179,178,733,"7,522","1,152","5,386",984,47,"8,618","168,307","1,144",5,153,213,773,"6,283","1,060","4,639",584,31,"7,427","166,860","2,262",10,298,448,"1,506","13,007","1,956","9,799","1,252",59,"15,269",,,,,,,,,
Missouri,St. Louis,N/A,"2,878",92,126,770,"1,890","8,689","1,443","6,031","1,215",91,"11,567","314,507","2,784",88,141,811,"1,744","8,522","1,605","5,587","1,330",135,"11,306","317,095","5,762",188,263,"1,790","3,521","20,028","4,202","12,680","3,146",223,"25,790",,,,,,,,,
Montana,Billings,N/A,277,0,40,39,198,"2,824",338,"2,092",394,9,"3,101","111,447",275,0,36,49,190,"2,563",324,"1,923",316,10,"2,838","109,997",484,9,65,67,343,"5,176",600,"3,824",752,9,"5,660",,,,,,,,,
Nebraska,Lincoln,N/A,486,0,111,91,284,"3,724",537,"3,049",138,22,"4,210","281,138",473,8,101,90,274,"4,104",597,"3,324",183,,"4,577","276,585","1,025",1,193,214,617,"9,033","1,328","7,344",361,91,"10,058",,,,,,,,,
Nebraska,Omaha,N/A,"1,403",15,196,260,932,"8,348","1,015","5,796","1,537",,"9,751","446,163",,12,,248,792,"8,093",922,"5,747","1,424",32,"8,093","452,252","2,329",48,174,655,"1,452","16,261","2,160","11,558","2,543",81,"18,590",,,,,,,,,
Nevada,Las Vegas Metropolitan ,N/A,"4,906",70,629,"1,660","2,547","22,888","6,269","12,692","3,927",,"27,794","1,592,178","7,174",83,632,"2,537","3,922","22,234","6,115","11,881","4,238",49,"29,408","1,562,134","14,383",127,"1,107","5,010","8,139","46,791","14,876","24,010","7,905",134,"61,174",,,,,,,,,
Nevada,Reno,N/A,798,9,61,176,552,"3,528",666,"2,154",708,7,"4,326","244,554",809,4,72,190,543,"3,820",599,"2,693",528,8,"4,629","239,721","1,419",15,136,345,923,"7,531","1,440","5,070","1,021",26,"8,950",,,,,,,,,
New Hampshire,Manchester,N/A,347,1,44,83,219,"1,425",218,"1,111",96,12,"1,772","110,353",368,1,40,104,223,"1,576",240,"1,265",71,16,"1,944","110,661",742,5,86,221,430,"4,070",669,"3,192",209,28,"4,812",,,,,,,,,
New Jersey,Edison Townshop,N/A,59,0,3,28,28,608,97,454,57,4,667,"102,679",49,0,3,16,30,528,71,421,36,1,577,"102,281",104,0,1,50,53,"1,215",234,890,91,14,"1,319",,,,,,,,,
New Jersey,Elizabeth,N/A,480,2,19,235,224,"2,030",308,"1,330",392,5,"2,510","129,096",511,3,22,235,251,"1,976",394,"1,141",441,1,"2,487","129,364","1,174",8,44,630,492,"3,793",766,"2,162",865,11,"4,967",,,,,,,,,
New Jersey,Lakewood Township,N/A,51,1,1,20,29,426,114,293,19,2,477,"100,269",95,2,10,22,61,409,82,310,17,4,504,"95,743",170,4,13,73,80,"1,076",242,788,46,4,"1,246",,,,,,,,,
New Jersey,Newark,N/A,"1,205",31,51,495,628,"3,020",570,"1,414","1,036",29,"4,225","281,450","1,154",49,44,570,491,"2,879",496,"1,410",973,21,"4,033",N/A,,,,,,,,,,,0,,,,,,,,,
New Jersey,Paterson,N/A,484,14,18,228,224,"1,750",550,828,372,8,"2,234","147,265",547,7,28,263,249,"1,498",464,727,307,5,"2,045","146,588","1,171",18,40,573,540,"3,667","1,182","1,803",682,11,"4,838",,,,,,,,,
New Jersey,Woodbridge Township,N/A,48,1,4,27,16,727,111,567,49,1,775,"102,124",51,0,4,24,23,802,102,643,57,2,853,"100,950",110,1,0,47,62,"1,690",238,"1,340",112,6,"1,800",,,,,,,,,
New Mexico,Las Cruces,N/A,,6,,36,51,"2,279",439,"1,703",137,,"2,279","102,349",,2,,19,89,"2,351",377,"1,848",126,1,"2,351","102,227",268,3,34,54,177,"5,065",729,"4,117",219,3,"5,333",,,,,,,,,
New York,Amherst Town ,N/A,63,0,5,23,35,915,70,826,19,2,978,"120,436",45,1,3,15,26,953,79,857,17,2,998,"120,207",116,1,14,42,59,"1,916",185,"1,687",44,11,"2,032",,,,,,,,,
New York,Buffalo,N/A,"1,209",25,72,412,700,"4,435",987,"3,102",346,90,"5,644","257,446","1,358",19,88,468,783,"4,803","1,184","3,227",392,108,"6,161","258,096","2,887",41,173,"1,033","1,640","11,176","2,777","7,421",978,173,"14,063",,,,,,,,,
New York,New York,N/A,"22,369",127,"1,126","6,607","14,509","57,559","5,298","49,712","2,549",,"79,928","8,566,917","23,546",162,"1,184","7,366","14,834","59,928","5,809","51,171","2,948",,"83,474","8,550,861","50,088",352,"2,244","16,946","30,546","129,860","14,098","108,376","7,386",,"179,948",,,,,,,,,
New York,Rochester,N/A,899,8,64,350,477,"3,740",617,"2,812",311,49,"4,639","209,643",879,16,72,291,500,"3,583",677,"2,572",334,48,"4,462","209,922","1,839",33,148,640,"1,018","8,266","1,753","5,779",734,108,"10,105",,,,,,,,,
New York,Syracuse,N/A,499,9,52,141,297,"2,129",498,"1,464",167,28,"2,628","143,925",503,14,31,149,309,"2,209",469,"1,576",164,24,"2,712","144,027","1,142",22,77,359,684,"5,087","1,194","3,577",316,41,"6,229",,,,,,,,,
New York,Yonkers,N/A,405,4,17,118,266,940,168,688,84,8,"1,345","202,075",463,4,21,206,232,988,181,712,95,9,"1,451","201,753",950,6,54,361,529,"2,008",378,"1,357",273,11,"2,958",,,,,,,,,
North Carolina,Cary,N/A,,0,,26,31,828,131,672,25,7,828,"164,835",,0,,24,33,852,126,699,27,4,852,"160,291",81,5,10,25,41,"1,902",329,"1,518",55,4,"1,983",,,,,,,,,
North Carolina,Charlotte-Mecklenburg,N/A,,45,,978,"1,982","16,267","3,243","11,770","1,254",101,"16,267","896,379",,22,,912,"2,078","17,369","3,175","13,031","1,163",99,"17,369","877,817","5,948",61,216,"1,947","3,724","33,075","6,755","24,091","2,229",216,"39,023",,,,,,,,,
North Carolina,Durham,N/A,,12,,429,632,"4,923","1,159","3,394",370,21,"4,923","263,716",,15,,355,538,"4,029","1,057","2,664",308,8,"4,029","257,911","2,185",34,74,738,"1,339","10,615","3,184","6,821",610,31,"12,800",,,,,,,,,
North Carolina,Fayetteville,N/A,,10,,122,504,"4,423",991,"3,208",224,24,"4,423","202,200",,17,,147,449,"4,597",892,"3,519",186,28,"4,597",N/A,,,,,,,,,,,0,,,,,,,,,
North Carolina,Greensboro,N/A,,21,,321,635,"4,795",999,"3,442",354,60,"4,795","288,618",,8,,251,592,"4,772","1,029","3,443",300,56,"4,772","285,950","1,707",26,72,530,"1,079","10,204","2,369","7,296",539,99,"11,911",,,,,,,,,
North Carolina,High Point,N/A,,11,,86,277,"2,000",410,"1,459",131,4,"2,000","111,435",,2,,74,226,"1,896",346,"1,463",87,5,"1,896","109,669",620,8,37,196,379,"3,722",724,"2,782",216,11,"4,342",,,,,,,,,
North Dakota,Fargo,N/A,213,1,46,29,137,"1,797",214,"1,440",143,5,"2,010","121,217",214,2,39,30,143,"1,749",254,"1,360",135,9,"1,963","118,490",414,3,79,52,280,"3,522",666,"2,594",262,10,"3,936",,,,,,,,,
North Dakota,Wilmington,N/A,,11,,91,226,"2,013",459,"1,439",115,3,"2,013","117,852",,5,,114,267,"2,347",659,"1,564",124,4,"2,347",N/A,,,,,,,,,,,0,,,,,,,,,
Ohio,Akron,N/A,622,23,107,193,299,"3,879","1,050","2,455",374,66,"4,501","197,257",628,20,124,198,286,"4,100","1,145","2,649",306,47,"4,728","197,587","1,168 ",28 ,166 ,402 ,572 ,"8,027 ","2,426 ","5,002 ",599 ,,"9,195",,,,,,,,,
Ohio,Cincinnati,N/A,"1,321",32,133,596,560,"7,244","1,780","4,759",705,,"8,565","298,880","1,289",32,141,572,544,"7,155","1,856","4,788",511,220,"8,444","298,478","2,761",66,236,"1,263","1,196","16,446","4,413","10,873","1,160",440,"19,207",,,,,,,,,
Ohio,Cleveland,N/A,"2,672",46,217,"1,331","1,078","8,945","2,881","4,396","1,668",140,"11,617","386,227","2,879",47,228,"1,280","1,324","9,580","2,658","4,922","2,000",158,"12,459",N/A,,,,,,,,,,,0,,,,,,,,,
Ohio,Columbus,N/A,"2,053",57,382,906,708,"16,137","3,407","10,903","1,827",176,"18,190","862,515","2,253",41,465,"1,050",697,"16,871","3,580","11,716","1,575",190,"19,124","847,745","4,631",77,806,"2,240","1,508","33,353","7,219","23,021","3,113",405,"37,984",,,,,,,,,
Ohio,Dayton,N/A,571,14,74,188,295,"2,845",837,"1,737",271,22,"3,416","140,260",628,14,56,215,343,"3,457","1,009","2,084",364,42,"4,085","140,683","1,325",26,147,479,673,"7,089","2,412","3,994",683,87,"8,414",,,,,,,,,
Ohio,Toledo,N/A,"1,632",17,85,374,"1,156","5,216","1,451","3,398",367,,"6,848","278,366","1,634",10,167,381,"1,076","5,623","1,688","3,586",349,,"7,257","279,552","3,156",24,228,902,"2,002","12,510","4,127","7,483",900,,"15,666",,,,,,,,,
Oklahoma,Broken Arrow,N/A,67,0,12,18,37,"1,225",201,892,132,0,"1,292","108,088",73,1,11,21,40,"1,016",166,783,67,3,"1,089","106,145",151,5,37,33,76,"1,929",338,"1,431",160,4,"2,080",,,,,,,,,
Oklahoma,Norman,N/A,166,4,38,23,101,"1,620",272,"1,227",121,1,"1,786","122,143",183,1,40,36,106,"2,000",364,"1,422",214,3,"2,183",N/A,,,,,,,,,,,0,,,,,,,,,
Oklahoma,Oklahoma City,N/A,"2,438",33,242,512,"1,651","11,953","2,993","7,631","1,329",45,"14,391","641,681","2,462",30,227,547,"1,658","12,436","2,649","8,381","1,406",47,"14,898","630,621","4,828",73,480,"1,192","3,083","24,948","5,823","16,228","2,897",93,"29,776",,,,,,,,,
Oklahoma,Tulsa,N/A,"2,065",37,193,476,"1,359","11,061","2,674","6,596","1,791",72,"13,126","405,748","2,064",28,226,455,"1,355","11,532","2,681","7,179","1,672",92,"13,596","401,520","3,628",55,365,854,"2,354","20,892","5,512","12,729","2,651",174,"24,520",,,,,,,,,
Oregon,Eugene,N/A,320,2,52,82,184,"3,055",589,"2,222",244,23,"3,375","164,883",296,2,50,59,185,"2,973",470,"2,188",315,29,"3,269","161,608",513,4,87,138,284,"6,259","1,103","4,609",547,42,"6,772",,,,,,,,,
Oregon,Gresham,N/A,197,4,36,45,112,"1,911",226,"1,115",570,9,"2,108","111,491",224,2,41,55,126,"1,441",219,906,316,11,"1,665",N/A,,,,,,,,,,,0,,,,,,,,,
Oregon,Portland,N/A,"1,575",9,203,499,864,"18,050","2,145","12,331","3,574",131,"19,625","642,129","1,588",5,208,476,899,"15,868","1,906","11,895","2,067",81,"17,456",N/A,,,,,,,,,,,0,,,,,,,,,
Oregon,Salem,N/A,272,4,13,66,189,"3,684",429,"2,789",466,16,"3,956","166,508",251,4,21,61,165,"3,242",406,"2,539",297,13,"3,493","163,320",537,5,44,127,361,"6,667",734,"5,222",711,27,"7,204",,,,,,,,,
Pennsylvania,Allentown,N/A,295,5,38,132,120,"1,509",286,"1,094",129,7,"1,804","120,615",257,6,23,122,106,"1,547",331,"1,083",133,11,"1,804","119,335",525,9,57,259,200,"3,198",670,"2,302",226,19,"3,723",,,,,,,,,
Pennsylvania,Philadelphia,N/A,"7,357",156,585,"2,878","3,738","22,766","3,130","17,141","2,495",211,"30,123","1,570,826","7,374",122,634,"2,896","3,722","22,948","3,263","17,069","2,616",197,"30,322","1,567,810","16,132",280,"1,322","6,765","7,765","49,345","8,083","36,228","5,034",330,"65,477",,,,,,,,,
Rhode Island,Providence,N/A,436,3,55,128,250,,445,"1,940",,9,436,"179,340",490,2,58,147,283,,473,"1,912",,9,490,"179,522","1,018",15,109,282,612,"6,084","1,282","4,256",546,24,"7,102",,,,,,,,,
South Carolina,Charleston,N/A,185,1,30,46,108,"1,464",213,"1,142",109,8,"1,649","135,153",198,6,18,51,123,"1,534",167,"1,244",123,3,"1,732","132,585",342,16,43,91,192,"3,235",474,"2,477",284,3,"3,577",,,,,,,,,
South Carolina,Columbia,N/A,337,5,35,114,183,"2,784",382,"2,106",296,9,"3,121","134,489",551,5,50,141,355,"3,570",540,"2,640",390,5,"4,121","132,495","1,058",12,83,258,705,"7,204","1,094","5,252",858,18,"8,262",,,,,,,,,
South Carolina,North Charleston,N/A,476,19,33,145,279,"2,854",377,"2,176",301,9,"3,330","110,490",444,15,45,136,248,"3,056",432,"2,305",319,9,"3,500","109,051",802,19,90,251,442,"5,779",886,"4,382",511,16,"6,581",,,,,,,,,
South Dakota,Sioux Falls,N/A,393,3,58,55,277,"2,325",332,"1,768",225,24,"2,718","175,152",457,4,65,57,331,"2,680",413,"1,957",310,24,"3,137","172,313",819,2,134,87,596,"5,685","1,089","4,177",419,27,"6,504",,,,,,,,,
Tennessee,Chattanooga,N/A,947,13,67,161,706,"4,936",710,"3,631",595,5,"5,883","177,801",860,13,56,139,652,"4,869",774,"3,597",498,13,"5,729","174,969","1,731",23,94,324,"1,290","10,356","1,832","7,646",878,16,"12,087",,,,,,,,,
Tennessee,Clarksville,N/A,493,4,43,57,389,"2,059",361,"1,598",100,5,"2,552","152,526",474,6,33,54,381,"1,816",308,"1,435",73,1,"2,290","150,319",874,13,59,86,716,"4,294",733,"3,397",164,22,"5,168",,,,,,,,,
Tennessee,Knoxville,N/A,861,17,66,197,581,"5,014",799,"3,717",498,7,"5,875","186,583",839,7,81,200,551,"5,027",846,"3,794",387,9,"5,866","185,638","1,720",22,174,382,"1,142","11,143","1,910","8,477",756,16,"12,863",,,,,,,,,
Tennessee,Memphis,N/A,"6,391",87,271,"1,556","4,477","18,888","4,528","12,520","1,840",188,"25,279","656,434","5,775",98,249,"1,536","3,892","16,894","4,358","11,196","1,340",181,"22,669","657,936","11,449",135,530,"3,131","7,653","37,047","10,272","24,049","2,726",302,"48,496",,,,,,,,,
Tennessee,Murfreesboro,N/A,387,3,33,66,285,"2,062",238,"1,735",89,2,"2,449","129,730",360,2,28,75,255,"1,858",343,"1,428",87,4,"2,218","123,994",673,5,62,146,460,"4,021",779,"3,065",177,10,"4,694",,,,,,,,,
Tennessee,Nashville,N/A,"3,754",54,219,"1,002","2,479","12,181","1,979","8,896","1,306",36,"15,935","668,685","3,596",34,249,864,"2,449","12,022","2,302","8,995",725,38,"15,618","658,029","7,245",72,507,"1,847","4,819","25,043","5,132","18,463","1,448",53,"32,288",,,,,,,,,
Utah,Salt Lake City,N/A,816,1,130,262,423,"7,714",918,"5,908",888,7,"8,530","193,918",900,4,135,263,498,"8,295",898,"6,429",968,16,"9,195","191,992","1,642",8,291,469,874,"17,914","2,036","13,679","2,199",36,"19,556",,,,,,,,,
Utah,West Jordan,N/A,121,1,13,23,84,"1,727",155,"1,366",206,3,"1,848","113,595",146,0,21,25,100,"1,769",185,"1,404",180,3,"1,915","112,687",305,0,21,53,231,"3,420",398,"2,736",286,6,"3,725",,,,,,,,,
Utah,West Valley,N/A,401,5,91,82,223,"2,963",463,"1,860",640,10,"3,364","137,558",370,4,54,89,223,"3,156",427,"2,097",632,5,"3,526","135,744",766,8,126,158,474,,,"4,215","1,039",17,766,,,,,,,,,
Virginia,Chesapeake,N/A,453,7,43,94,309,"2,580",318,"2,151",111,8,"3,033","236,570",423,8,38,92,285,"2,973",321,"2,488",164,11,"3,396","235,273",897,11,67,178,641,"5,684",871,"4,487",326,20,"6,581",,,,,,,,,
Virginia,Hampton,N/A,188,5,12,77,94,"2,007",260,"1,629",118,13,"2,195","135,504",172,8,17,75,72,"2,035",247,"1,660",128,6,"2,207","136,381",382,16,35,186,145,"4,474",650,"3,476",348,26,"4,856",,,,,,,,,
Virginia,Newport News,N/A,421,8,42,114,257,"2,517",408,"1,889",220,20,"2,938","181,676",384,11,42,126,205,"2,589",411,"1,909",269,24,"2,973","182,975",793,26,87,244,436,"5,585",927,"4,255",403,40,"6,378",,,,,,,,,
Virginia,Norfolk,N/A,640,17,52,178,393,"4,139",544,"3,348",247,5,"4,779","245,734",790,26,68,230,466,"4,562",582,"3,721",259,11,"5,352","245,400","1,329",28,108,454,739,"9,002","1,097","7,518",387,28,"10,331",,,,,,,,,
Virginia,Virginia Beach,N/A,343,10,58,142,133,"4,173",407,"3,569",197,28,"4,516","453,017",350,8,73,132,137,"4,842",430,"4,156",256,35,"5,192","452,797",626,19,103,270,234,"9,987",956,"8,596",435,95,"10,613",,,,,,,,,
Washington,Bellevue,N/A,74,0,12,28,34,"2,207",313,"1,747",147,8,"2,281","142,238",77,0,6,38,33,"2,180",334,"1,698",148,10,"2,257","138,532",152,2,19,61,70,"4,331",789,"3,321",221,22,"4,483",,,,,,,,,
Washington,Everett,N/A,265,2,26,74,163,"2,326",433,"1,455",438,7,"2,591","108,988",262,1,32,75,154,"2,997",468,"2,007",522,8,"3,259","107,633",422,5,44,148,225,"6,198",974,"4,316",908,33,"6,620",,,,,,,,,
Washington,Kent,N/A,226,3,35,84,104,"3,377",409,"2,327",641,10,"3,603","128,604",163,0,30,74,59,"3,637",553,"2,405",679,6,"3,800","127,259",338,5,61,144,128,"6,169",905,"4,257","1,007",19,"6,507",,,,,,,,,
Washington,Renton,N/A,169,3,16,56,94,"2,614",325,"1,895",394,6,"2,783","101,908",150,4,18,60,68,"2,954",454,"1,894",606,20,"3,104","100,015",300,4,41,100,155,"5,795","1,175","3,715",905,6,"6,095",,,,,,,,,
Washington,Seattle,N/A,"2,183",9,142,745,"1,287","18,576","3,811","13,112","1,653",79,"20,759","700,313","2,078",11,131,766,"1,170","19,348","3,953","13,402","1,993",52,"21,426","683,700","4,093",23,144,"1,532","2,394","37,754","7,677","26,199","3,878",92,"41,847",,,,,,,,,
Washington,Tacoma,N/A,760,4,69,183,504,"5,882","1,048","3,758","1,076",32,"6,642","209,914","1,032",5,83,286,658,"6,853","1,238","4,371","1,244",48,"7,885","206,884","1,694",12,147,485,"1,050","13,065","2,552","8,492","2,021",70,"14,759",,,,,,,,,
Washington,Vancouver,N/A,304,6,68,61,169,"2,640",364,"1,757",519,24,"2,944","174,912",328,0,71,69,188,"2,823",442,"1,876",505,24,"3,151","171,076",671,2,112,137,420,"5,554",943,"3,740",871,69,"6,225",,,,,,,,,
Wisconsin,Green Bay,N/A,201,0,33,26,142,902,138,733,31,7,"1,103","105,452",262,1,45,30,186,"1,014",177,808,29,4,"1,276","105,119",456,2,62,58,334,"2,246",375,"1,780",91,13,"2,702",,,,,,,,,
Wisconsin,Kenosha,N/A,176,4,28,51,93,891,165,680,46,3,"1,067","99,954",,0,,58,113,"1,042",206,795,41,3,"1,042","100,038",286,4,44,122,116,"2,066",396,"1,546",124,10,"2,352",,,,,,,,,
Wisconsin,Madison,N/A,483,16,37,108,322,"3,229",434,"2,637",158,4,"3,712","252,136",398,6,59,105,228,"3,253",440,"2,651",162,8,"3,651","248,833",890,7,121,221,541,"6,908","1,198","5,461",249,7,"7,798",,,,,,,,,
Wisconsin,Milwaukee,N/A,"4,539",55,232,"1,334","2,918","10,595","2,696","5,400","2,499",135,"15,134","600,193","4,485",55,252,"1,545","2,633","11,506","2,385","6,140","2,981",120,"15,991","600,400","9,583",145,436,"3,749","5,253","25,602","5,481","12,741","7,380",223,"35,185",,,,,,,,,
,,,,,,,,,,,,,,,,,,,,,,,,,,,,,,,,,,,,,,,,,,,,,,
